SOW Requirement,Requirement Description,Solution Component,Implementation Details,Epic,Features,User Stories
1. Multi-provider integration without domain leakage,"Clean mapping between provider APIs and internal domain, preventing provider-specific fields from leaking into public API","Provider Mapping in DynamoDB + Parser Lambdas","DynamoDB stores mapping configurations for each product-provider combination. Parser Lambdas (CSV/JSON/XML) transform diverse provider schemas to unified domain model.",Package Microservice Implementation,"Provider Mapping Configuration, Multi-Provider Integration","Create Product Mapping Configurations, Implement Provider Response Parsers, Create Mock Provider Responses, Implement Mapping Retrieval and Application"
2. API versioning strategy,"Modern versioning approach (not dash-old in URL) with guidance on version lifecycle and upgrades","Lambda Versions + Aliases + API Gateway Stage Variables","SAM deploys Lambda code. Terraform publishes versions, creates aliases (v1, v2, latest), and configures API Gateway stage variables to route to specific aliases.",API Modernization Reference Architecture,API Versioning Strategy,"Implement Lambda Versioning and Aliases, Configure API Gateway Stage Variables, Implement Version Routing Strategy, Document Versioning and Upgrade Strategy"
3. Multi-client configuration,"Different clients want different behaviors, defaults, and routing logic per product and provider","DynamoDB Single Table Design","Single table stores clients, products, providers, and their many-to-many relationships using composite keys (PK/SK) and GSIs for efficient queries.",Package Microservice Implementation,DynamoDB Configuration Management,"Design DynamoDB Single Table Schema, Provision DynamoDB Single Table, Implement Configuration CRUD Operations, Seed Initial Configuration Data"
4. Many-to-many request orchestration,"Single request includes multiple products mapping to multiple providers with fallback behaviors","Step Functions State Machine","Step Functions orchestrates parallel provider calls, handles timeouts/retries, aggregates results, applies mappings, and composes unified response.",Package Microservice Implementation,Step Functions Orchestration,"Design Step Functions Workflow, Implement Provider Invocation Tasks, Configure Step Functions Mapping, Deploy Step Functions Infrastructure, Implement Provider Error Handling"
Code-Based Reference Architecture,Working code scaffold demonstrating architectural patterns,"Complete Microservices + Infrastructure as Code","4 TypeScript Lambda microservices (lender, package, product, document) deployed via SAM. Central Terraform repository for API Gateway, Cognito, versioning, and Step Functions.",API Modernization Reference Architecture,"Infrastructure as Code Setup, Lender Microservice, Package Microservice, Product Microservice, Document Microservice","Setup Terraform Repository and Backend, Provision API Gateway Infrastructure, Create [Service] Repository and Lambda, Setup [Service] SAM Configuration, Configure [Service] CI/CD Pipeline"
Provider Integration & Domain Isolation,Integrate with multiple providers while preventing schema leakage,"Parser Lambdas + DynamoDB Mappings","Separate Lambda functions parse CSV, JSON, and XML responses. DynamoDB mapping configurations transform provider-specific fields to standardized domain model.",Package Microservice Implementation,"Multi-Provider Integration, Provider Mapping Configuration","Implement Provider Response Parsers, Create Mock Provider Responses, Create Product Mapping Configurations, Validate Mapping Configurations"
API Versioning Strategy,Modern versioning with backward compatibility,"Lambda Aliases + API Gateway Stages","Terraform manages Lambda versions and aliases. API Gateway stages use variables to route to specific aliases. Supports gradual rollout and rollback.",API Modernization Reference Architecture,API Versioning Strategy,"Implement Lambda Versioning and Aliases, Configure API Gateway Stage Variables, Implement Version Routing Strategy"
Observability & Monitoring,CloudWatch and distributed tracing patterns,"CloudWatch + X-Ray Integration","Structured JSON logging, correlation ID propagation, X-Ray tracing across Lambda and Step Functions, CloudWatch dashboards and alarms.",API Modernization Reference Architecture + Package Microservice Implementation,"Observability and Monitoring, Package Observability and Monitoring","Implement Logging and X-Ray Tracing, Create CloudWatch Dashboards and Alarms, Implement Package Service X-Ray Tracing, Create Package CloudWatch Dashboards, Configure Package Service Alarms"
Authentication & Authorization,Cognito-based API authentication,"AWS Cognito User Pool + App Client","Cognito User Pool with OAuth 2.0 client credentials flow. API Gateway Cognito authorizer validates JWT tokens.",API Modernization Reference Architecture,Cognito Authentication Setup,"Setup Cognito User Pool and App Client, Configure API Gateway Cognito Authorizer"
Testing Patterns,"Unit, integration, mock, and API testing","Jest + Postman/Newman + Contract Tests","Unit and mock tests using Jest for all Lambda functions. Postman collections for API testing. Newman for CI/CD automation. Contract tests for schema validation.",API Modernization Reference Architecture,"Lender/Package/Product/Document Microservice, API Testing with Postman/Newman, Integration and Contract Testing","Implement [Service] Tests, Setup Postman Collections and Environments, Create API Test Collections for All Services, Setup Newman CLI and CI/CD Integration, Implement Integration Tests, Implement Contract Tests"
Performance & Scalability,Low-latency response times with scalability,"Lambda Auto-scaling + Step Functions Parallel Execution + DynamoDB On-Demand","Lambda auto-scales based on demand. Step Functions executes provider calls in parallel. DynamoDB on-demand capacity handles variable load.",Package Microservice Implementation,"Step Functions Orchestration, DynamoDB Configuration Management","Design Step Functions Workflow, Provision DynamoDB Single Table"
Event-driven Patterns,Consideration for future EventHub integration,"Architecture supports async patterns","Design includes CloudWatch Events, DynamoDB Streams capability, and Step Functions for async workflows. Documentation covers EventHub integration approach.",API Modernization Reference Architecture,Documentation and Architecture Review,"Create Architecture Documentation, Create Deployment Guide and Review Materials"
Clear Separation of Concerns,"API layer, core domain, provider adapters, configuration layers","Layered Architecture with Microservices","API Gateway (API layer), Lambda functions (domain logic), Parser Lambdas (provider adapters), DynamoDB (configuration), Step Functions (orchestration).",API Modernization Reference Architecture + Package Microservice Implementation,All Features,All User Stories
Extension Points,Explicit extension points for future implementations,"Modular Design + Configuration-Driven","New products/providers added via DynamoDB configuration. New microservices follow SAM template pattern. API Gateway resources added via Terraform modules.",API Modernization Reference Architecture + Package Microservice Implementation,"DynamoDB Configuration Management, Provider Mapping Configuration","Implement Configuration CRUD Operations, Create Product Mapping Configurations"
Architecture Review Readiness,Deliverables suitable for Office of Architecture review,"Documentation + Working Code + Diagrams","Architecture Decision Records (ADRs), OpenAPI/Swagger docs, deployment guides, architecture diagrams, working reference implementation.",API Modernization Reference Architecture,Documentation and Architecture Review,"Create Architecture Documentation, Create Deployment Guide and Review Materials"
Programming Languages & Frameworks,Recommended languages and frameworks with trade-off documentation,"TypeScript + Node.js + AWS SAM + Terraform","TypeScript for type safety and developer experience. Node.js 20.x runtime. AWS SAM for Lambda deployment. Terraform for infrastructure. Jest for testing.",API Modernization Reference Architecture,All Features,"All implementation stories use TypeScript, SAM, and Terraform"
Multi-client Configuration Patterns,"Client, product, and provider-level configuration","DynamoDB Single Table with GSIs","Single table design with composite keys enables efficient queries: Get client config, Get products for client, Get providers for product, Get client-product-provider mappings.",Package Microservice Implementation,DynamoDB Configuration Management,"Design DynamoDB Single Table Schema, Implement Configuration CRUD Operations"
Request Decomposition Pattern,Decompose inbound requests into provider-specific calls,"Step Functions Parallel State","Step Functions Map state or Parallel state invokes multiple provider Lambdas concurrently. Each Lambda handles provider-specific protocol (CSV/JSON/XML).",Package Microservice Implementation,Step Functions Orchestration,"Design Step Functions Workflow, Implement Provider Invocation Tasks"
Response Aggregation Pattern,Aggregate and compose provider responses,"Step Functions + Mapping Lambda","Step Functions collects parallel execution results. Mapping Lambda applies DynamoDB configurations to transform to unified domain model.",Package Microservice Implementation,"Step Functions Orchestration, Provider Mapping Configuration","Design Step Functions Workflow, Configure Step Functions Mapping, Implement Mapping Retrieval and Application"
Configuration Management,Add/remove clients/products/providers dynamically,"DynamoDB CRUD Operations + Admin Lambda","Lambda functions provide CRUD operations for configuration entities. No code changes needed to add new products or providers.",Package Microservice Implementation,DynamoDB Configuration Management,"Implement Configuration CRUD Operations, Seed Initial Configuration Data"
Error Handling & Fallback,Retry logic and fallback mechanisms for provider failures,"Step Functions Error Handling + Retry Policies","Step Functions Retry and Catch states handle provider timeouts and errors. Configurable retry attempts and fallback provider logic.",Package Microservice Implementation,Multi-Provider Integration,Implement Provider Error Handling
CI/CD Pipeline,Automated build and deployment pipeline,"GitHub Actions/Azure DevOps + SAM + Terraform","Each microservice has CI/CD pipeline: Build TypeScript, Run tests, SAM deploy. Central repo runs Terraform apply for infrastructure updates.",API Modernization Reference Architecture,"Lender/Package/Product/Document Microservice","Configure [Service] CI/CD Pipeline, Setup Newman CLI and CI/CD Integration"
